Zone,Cerfs
1,777.1155927614604
2,794.292890472201
3,1448.5792081629843
4,3307.6076439201684
5,1744.3454181680013
6,4087.5607669608016
7,4152.864293531829
8,3804.1449371189565
9,1202.5943560671622
10,4697.172653696503
11,998.7268164087889
12,12.551629926750591
13,6.6462966675279125
15,143.51310857076018
20,4145.2075685899645
26,72.77492836898078
27,648.3718311503651
28,89.24650938120878
