Zone,Cerfs
1,147.38945948885777
2,566.915907720699
3,2095.417547554005
4,2943.363341801933
5,2158.8576878268836
6,5168.577115812758
7,3400.802362209369
8,2978.2440833873948
9,648.5429138381023
10,3463.9280723586903
11,875.5139003443555
12,16.291936167646014
13,7.3011333758338886
15,698.9280667630493
20,2605.445333547658
26,140.64864406544984
27,832.9270970900761
28,64.33333333333333
