Zone,Cerfs
1,203.3880503643253
2,165.8455299778925
3,416.0501986660904
4,813.3592315605451
5,467.5186383616385
6,1196.598883229432
7,762.2239879042361
8,763.6191826128543
9,340.15142190782797
10,1588.6115483264748
11,377.09790755592894
12,5.221229656372836
13,2.7606312905114283
15,60.772918608334464
20,1494.2691351717071
26,27.905093273674098
27,210.1286272169242
28,4.4908606506561455
