Zone,Cerfs
1,147.38945948885777
2,566.915907720699
3,2095.4175475540055
4,2943.363341801933
5,2158.8576878268836
6,5168.5771158127645
7,3400.8023622093615
8,2978.2440833873934
9,648.5429138381024
10,3463.9280723586903
11,875.5139003443555
12,16.291936167646032
13,7.7404369712766155
15,698.9280667630493
20,2605.445333547658
26,140.6486440654518
27,832.9270970900761
28,64.33333333333333
