Zone,Cerfs
1,574.1583944045091
2,558.8398934041898
3,1419.8422379031217
4,2490.720330021196
5,1204.208734866489
6,3276.7118464313226
7,2560.853015291644
8,2154.634145771004
9,887.6177972475632
10,3477.2556029513826
11,818.4567718509616
12,10.3702229065959
13,5.9552434459965164
15,206.59403124650413
20,1508.3172551265925
26,87.39653446573628
27,470.20589667970734
28,9.492098497820578
