Zone,Cerfs
1,995.871290475553
2,355.4056856400348
3,1107.007710096781
4,2544.889937012175
5,1824.4295827932674
6,3717.2051772872264
7,3592.337662337668
8,3165.017666718224
9,472.62258472957046
10,3388.584415584395
11,438.6240866611188
12,1.880661801207225
13,4.13065453057709
15,489.2476756730905
20,3424.744502947302
26,132.25033344578426
27,849.1696483412696
28,64.33333333333333
