Zone,Cerfs
1,583.538524703687
2,633.5090700437595
3,1726.3415854519817
4,3504.2744340798786
5,2074.641969383537
6,4420.248566096641
7,3488.95168644497
8,3674.3431590874816
9,1274.557261132866
10,4478.725343141612
11,1060.0510757062434
12,10.56842458708427
13,8.372811932905687
15,370.9959628574287
20,3298.525045310922
26,192.71239790803762
27,768.8339331505233
28,118.29631561290793
