Zone,Cerfs
1,712.7152842333526
2,650.0344018690666
3,1672.3539315058733
4,4221.132553771434
5,1784.787727565718
6,4301.638380033375
7,2972.777834725996
8,2889.515211676881
9,888.9016677447428
10,3927.3633073230403
11,952.3168465309318
12,5.292085658149383
13,0.9523654607652117
15,19.573684210525244
20,3580.1667610623645
26,98.77722636346586
27,842.9450271995821
28,64.33333333333333
