Zone,Cerfs
1,939.0901957372973
2,675.190753375265
3,1447.6448714345315
4,3413.877788747917
5,1833.6384676765715
6,4094.320606202962
7,4210.4783022468655
8,4050.5554395735203
9,1319.362909082213
10,5051.725767126495
11,944.60846193646
12,13.213282804359036
13,6.513328944015916
15,464.60033354695474
20,4478.0428750670735
26,99.42103039689769
27,700.0477938098011
28,86.4510665475743
