Zone,Cerfs
1,901.0284796556521
2,740.0008376781844
3,1870.4316879948735
4,3579.218340526717
5,1894.469276827279
6,4487.521754733323
7,3088.1697261725376
8,2853.2705380516613
9,1279.7059429633196
10,5165.68666505589
11,1277.2276883722275
12,17.725806988556798
13,8.0421805751457
15,238.89938730950084
20,3808.4075230345884
26,132.41926858252418
27,766.818504376492
28,95.37597005511923
