Zone,Cerfs
1,831.0119377396763
2,899.8003708761364
3,1627.3910821743134
4,3343.468840325593
5,1690.3727309585984
6,4224.272463894987
7,3628.47821297692
8,3167.7260853384605
9,1394.0414905449811
10,4260.338037974051
11,1240.9968115489742
12,16.188181450048873
13,7.695629558178682
15,233.2339430009739
20,3356.644394574929
26,73.0128384412043
27,703.9271947791597
28,94.07274002354029
