Zone,Cerfs
1,781.3660836343186
2,698.8004404167053
3,1755.0693164337163
4,3456.5653827185306
5,1816.2605980528897
6,4364.074360979191
7,3032.8090444363665
8,2790.6524367459256
9,1311.759065857766
10,4919.670638994725
11,1240.6327820017896
12,19.825225922125657
13,10.021278057734897
15,246.33731176563697
20,4104.584887170075
26,116.96118885494333
27,742.3053368273174
28,91.98607872152543
