Zone,Cerfs
1,861.7799968428682
2,645.4345923539886
3,1759.33718351205
4,3450.643650328969
5,1832.369056667364
6,4155.772932757782
7,3100.5388329830703
8,2792.3121072747235
9,1196.1611226231323
10,4615.730854033327
11,1324.7874249738843
12,19.626406537384312
13,8.153904723733687
15,260.1805921718943
20,4311.638414549955
26,110.30768449670342
27,734.2257335448452
28,85.37626257850461
