Zone,Cerfs
1,906.702262227649
2,734.7545671318326
3,1859.9738847868061
4,3552.3255658691323
5,1846.4632948226754
6,4489.324049832942
7,3064.247651184677
8,2811.8574587188386
9,1283.5999484111383
10,5036.112913143628
11,1281.1316356376676
12,18.132658612219387
13,8.00248987621232
15,242.79058427560867
20,3831.9601452599663
26,137.31135765828543
27,754.4097731338381
28,95.63623791615794
