Zone,Cerfs
1,679.7450927522029
2,651.447617101602
3,1572.2252905756095
4,3401.7978084437973
5,1699.344424188149
6,4182.613237138178
7,3792.123112451315
8,2660.265196643911
9,1418.8453973862763
10,4205.607113685461
11,1123.0018902376673
12,18.672887756825585
13,7.696281695413934
15,309.08693344283205
20,3805.7664975466514
26,83.72449332351229
27,730.1413591547498
28,92.5969634768024
