Zone,Cerfs
1,882.1566079257677
2,760.2502239832369
3,1879.4977344222434
4,3538.6828543945185
5,1904.961647969567
6,4449.696302004213
7,3088.0747079913053
8,2899.033054053189
9,1168.0754568237794
10,5254.619643856089
11,1233.8393443853934
12,17.45700966089312
13,7.958075510028355
15,242.97636020013513
20,3861.1034079751958
26,133.85136059474812
27,771.0399797955558
28,95.74685730200162
