Zone,Cerfs
1,1151.5775102513896
2,783.9924593162544
3,1811.6455635646262
4,3542.475952312328
5,1824.2998273663436
6,4444.689333718161
7,3337.622606933922
8,2557.664210552611
9,1415.455371576971
10,3977.39602562883
11,1304.6049342743968
12,12.194423105477796
13,10.242745013610769
15,462.6872709736956
20,2483.6547112158946
26,135.5183570569484
27,791.9532720696485
28,59.2615147734588
