Zone,Cerfs
1,781.552440192203
2,712.6755582053997
3,1782.2253962660695
4,3408.1440840989594
5,1816.860814284422
6,4375.602130256946
7,3015.8193293314152
8,2791.854000125996
9,1311.6592689796244
10,4937.100137767117
11,1240.1152272594675
12,20.137063800824766
13,10.028135496018843
15,250.64052281621144
20,4056.5503327019132
26,124.760633330487
27,742.4641516975638
28,92.09289187261608
