Zone,Cerfs
1,1106.0397581493517
2,1070.6497687325336
3,1785.02312877602
4,3855.158955515858
5,1955.177786793599
6,4866.3171344224575
7,4623.920266264978
8,3727.587524546486
9,1655.333526355615
10,5629.328085693108
11,1256.9228720475394
12,13.79181589035649
13,8.494531916604647
15,264.16904588409864
20,5108.328952375623
26,83.90214775683407
27,633.0438348082575
28,71.82573474928749
