Zone,Cerfs
1,678.472880703057
2,690.0399195651107
3,1570.4311915057435
4,3398.295592439519
5,1693.0643741776637
6,4220.203146003195
7,3459.500101903869
8,2687.7999593086215
9,1359.6910564377422
10,4243.449302536397
11,1158.0331635988755
12,20.96513615915873
13,7.712295887231718
15,309.5742817690152
20,3889.8937962287996
26,89.0918797030902
27,721.0491809991081
28,91.2027086978179
