Zone,Cerfs
1,1150.1689140432597
2,767.5934479359181
3,1813.2476251520768
4,3418.5836003998193
5,1821.1147832047782
6,4403.571396080219
7,3852.551152500089
8,2561.963914639586
9,1385.7859687411537
10,3968.8538596329868
11,1374.4543893461068
12,12.524521173443482
13,9.912056869288824
15,470.1987938379626
20,2505.484496919451
26,130.8044996933124
27,792.9154716654942
28,70.21199836041731
