Zone,Cerfs
1,915.6680194687592
2,719.0099687227632
3,1831.656538014178
4,3502.6864431179397
5,1828.0167579045574
6,4474.306251125564
7,2933.0458995536055
8,2777.5567546408665
9,1273.0174881178273
10,5056.714292587192
11,1252.5642623890467
12,17.942510655809613
13,8.029864582591689
15,242.16726987112395
20,3880.8735225934643
26,136.83921579669652
27,750.2035278619572
28,95.21051150464757
