Zone,Cerfs
1,564.8945683284735
2,772.3509002428908
3,1809.2249427569122
4,3466.9537351867643
5,2001.2417232919754
6,4572.677620266613
7,3287.7070898127986
8,2923.6374915835872
9,1395.4636457195456
10,3667.728283879729
11,1506.3503210963922
12,9.271398976891028
13,8.527763944519869
15,366.41688189498495
20,2427.3591754571094
26,159.59299867965126
27,710.4138506281752
28,91.29118459785519
