Zone,Cerfs
1,887.5577056345294
2,707.2428068743626
3,1930.3903512860966
4,3493.8215601450884
5,1825.6747187131318
6,4436.790102132408
7,2977.6357954059986
8,2762.470225459898
9,1262.6716549017876
10,5127.535301946809
11,1262.2496692975167
12,17.653236889668978
13,8.656260335045745
15,238.49684176770108
20,3860.298711599452
26,135.91541369394656
27,755.2530193683245
28,95.06650539849323
