Zone,Cerfs
1,909.9979987471775
2,712.1117393544771
3,1923.6014433235725
4,3498.3876709570386
5,1824.2980500974377
6,4456.77200190897
7,2948.599665819073
8,2775.4338137176123
9,1262.0469355599316
10,5055.878071909988
11,1255.0296972971726
12,17.817351738675143
13,8.037458218432171
15,241.87597536712838
20,3880.3426738792386
26,135.72847267360396
27,753.07702422497
28,95.12438365836529
