Zone,Cerfs
1,861.1524562145158
2,647.467973916064
3,1762.5548582910021
4,3459.6668550265667
5,1842.8145365374642
6,4164.146348460892
7,3105.9603170796836
8,2812.0733758659494
9,1204.8326731436402
10,4599.371897391974
11,1323.9985196608516
12,19.4123664555257
13,7.983023907794267
15,259.83506342137224
20,4369.133685739237
26,113.1218700394088
27,747.2498361529352
28,85.6792564528147
