Zone,Cerfs
1,911.613800223512
2,690.288730153979
3,1885.9076137335344
4,3598.5042670762855
5,1829.19887718575
6,4360.833749787014
7,2977.1293909265546
8,2795.391429608677
9,1273.439933649623
10,5007.890841496393
11,1271.2257160397755
12,18.416392724303968
13,8.55630246954995
15,244.60446550992185
20,3805.694305407689
26,127.3296502776691
27,750.1865526360721
28,93.7204428932451
