Zone,Cerfs
1,948.6188101329782
2,689.1739708348563
3,1757.8348023320398
4,3381.6852474395882
5,1798.8974386285809
6,4262.548279783913
7,3108.834910876735
8,2811.0300661107362
9,1227.0798223554166
10,4930.745964626096
11,1313.2982754674063
12,20.38278194070179
13,8.765521672759927
15,261.57318506624875
20,4279.709787010242
26,112.36227370461529
27,731.6961504847267
28,86.85350067595073
