Zone,Cerfs
1,816.7376758039225
2,721.1038538019234
3,1653.6373561440832
4,3403.0031557000652
5,1737.9906316014456
6,4784.354569128032
7,4210.4783022468655
8,3100.1660030162443
9,1087.1843229158924
10,4816.929216890972
11,692.5510356357445
12,11.868864384836805
13,5.929179256438508
15,189.23450113329747
20,4531.301820251141
26,92.09872041972993
27,640.4811541198422
28,83.02519026623114
