Zone,Cerfs
1,905.3537098030766
2,704.5609078898741
3,1893.4594314402473
4,3608.334684999978
5,1829.7555723452874
6,4363.626553120176
7,2982.032191936596
8,2795.1921553255183
9,1272.7125865231887
10,5007.750083860963
11,1267.1392221983535
12,19.138646598213032
13,8.492669327451747
15,244.59617373436424
20,3818.754709297242
26,127.52869004947112
27,751.2232524437195
28,93.25927800999845
