Zone,Cerfs
1,966.4478306711003
2,716.8802142542607
3,1774.5296790580749
4,3550.9054691502038
5,1808.4314565863724
6,4342.119943931529
7,3118.1902652830095
8,2778.411066929603
9,1170.6943301883853
10,4940.667388429805
11,1208.8586064843662
12,20.757496914559034
13,9.362468730541416
15,260.35409942676847
20,4223.131236937323
26,110.442100450543
27,730.2824258182842
28,90.39065142791407
