Zone,Cerfs
1,896.0636714946436
2,711.1768300001874
3,1929.8501024192058
4,3490.4685775995613
5,1824.7161043969152
6,4433.188529000419
7,2977.6076310467233
8,2775.2268678374735
9,1262.0179104325578
10,5109.400420342343
11,1260.21356488994
12,17.773112861266668
13,8.291820227680395
15,241.3813600776067
20,3879.428048353133
26,135.808415436764
27,757.5020903184005
28,95.0324987339042
