Zone,Cerfs
1,907.9269917887253
2,861.2972250106885
3,1699.1090845758654
4,3638.051607049168
5,1724.1075344010726
6,4498.136949731261
7,3833.677072170541
8,3478.1953022258817
9,1442.3531927965273
10,5539.05276878583
11,1187.6171430727418
12,16.2273956001266
13,7.675446783100684
15,236.61260305380634
20,3403.975373782066
26,95.5382363016652
27,610.4065265645391
28,89.88324541195453
