Zone,Cerfs
1,1057.890083172779
2,864.4030756729655
3,1709.7433363025566
4,3622.6081154627714
5,1783.4435648091833
6,4674.886359470178
7,4089.8099765059073
8,3566.044508511085
9,1527.1961464960277
10,5406.554978210509
11,1211.3596231244537
12,14.922945875496904
13,7.537140507249797
15,169.64426473610007
20,3955.1615248513253
26,61.79887414024128
27,621.069616084351
28,93.66702414163744
