Zone,Cerfs
1,1344.7380837030998
2,888.1436294736867
3,1906.2377273416016
4,3878.3580072238615
5,2122.130885947826
6,4617.892014297734
7,3644.8311944952234
8,3436.061541517429
9,1576.8509595200737
10,5549.713266095708
11,1199.5395339465072
12,13.199524957835614
13,7.245824082526978
15,208.30774081817222
20,4406.516021177985
26,123.73286068878704
27,719.1722264629072
28,75.44178667977764
