Zone,Cerfs
1,1148.6563809311972
2,1087.4874628905761
3,1617.265964395015
4,3774.0452607072743
5,1819.0638586551754
6,4789.785140450434
7,4271.027072054951
8,3815.775629576963
9,1519.1197050894284
10,5782.969194359998
11,1240.7551619511744
12,16.863454943052474
13,6.822051163406658
15,205.19838618503388
20,4250.540916940865
26,82.30017607932348
27,607.0585285325988
28,83.06486114029711
