Zone,Cerfs
1,948.2320374448809
2,687.1990349759984
3,1759.6722745143315
4,3413.008347793094
5,1802.7569573003154
6,4138.829606860265
7,3117.0413065185876
8,2877.549118710724
9,1225.0914940708317
10,4816.150228107822
11,1313.0876303560717
12,18.886128294388033
13,8.561372667561987
15,262.30418290591587
20,4392.148531153893
26,111.68142061683405
27,736.1814897154397
28,86.56959933008939
