Zone,Cerfs
1,870.667776989095
2,761.9758227889783
3,1876.1447624853536
4,3558.8120792890672
5,1906.546100734758
6,4424.276654649926
7,3088.0747079913053
8,2947.673457674325
9,1193.7793087564457
10,5294.740910636369
11,1192.5102429265057
12,17.44514266058209
13,7.958075510028355
15,246.72427586219152
20,3903.5115968424934
26,136.8356401668862
27,771.0399797955558
28,95.74685730200162
