Zone,Cerfs
1,1367.2751304649103
2,735.8219825336188
3,1814.890701688615
4,4108.857731606896
5,2219.3649399704473
6,4102.272895941332
7,3748.4070505189857
8,3072.817874840209
9,1544.9759343786586
10,5182.560490549445
11,1154.5855032195275
12,10.597121662809457
13,4.698563031485346
15,328.9856857209817
20,4215.235234673057
26,93.11790278087253
27,871.2127540771426
28,76.21618280214132
