Zone,Cerfs
1,911.4417183069105
2,738.1392628475013
3,1836.4685029638274
4,3535.5866630264327
5,1840.6509337734515
6,4488.684186919555
7,3066.443228498541
8,2804.6904176482763
9,1281.0371447931177
10,5037.259678263366
11,1270.9664164565288
12,18.086923332396154
13,8.022555538931773
15,243.2020754365406
20,3876.845740831943
26,137.1576388051661
27,752.5996019086047
28,95.49771185879368
