Zone,Cerfs
1,1419.430186158217
2,732.0500262387228
3,1809.5415866158146
4,4114.654479993836
5,2204.444240536008
6,4159.710869157459
7,3648.8779774091518
8,3083.8289180825805
9,1456.6582209816402
10,5189.771850157479
11,1171.2962520256492
12,10.085238871122876
13,4.505500903922691
15,298.3178146529679
20,4597.546760663952
26,95.48918154663367
27,871.2117794938792
28,75.48621941225679
