Zone,Cerfs
1,964.3603299848248
2,694.8405040147895
3,1778.7263341769528
4,3425.2366242653025
5,1804.0750758164859
6,4343.599638366629
7,3109.934549785579
8,2779.449313131415
9,1160.6744638563523
10,4943.467793147917
11,1243.9555418033194
12,20.749671581396562
13,9.191649822631312
15,259.2004697053624
20,4228.794692629897
26,108.85730602243879
27,730.7241840543353
28,89.65731579087796
