Zone,Cerfs
1,911.1039252789385
2,674.3351953493333
3,1770.3547974081207
4,3428.62482968835
5,1813.324752927007
6,4140.1590543498705
7,3084.2167360451836
8,2864.035065917774
9,1208.938337544182
10,4552.790070113537
11,1301.2705345884633
12,18.864739809985295
13,9.29932501978453
15,258.3164490625148
20,4386.048254829265
26,110.56831314657835
27,744.3008055253838
28,86.44456724928264
