Zone,Cerfs
1,867.1421364840023
2,717.537246257425
3,1760.6249913805677
4,3586.9632140202852
5,1811.313672325084
6,4354.751199335003
7,2990.5817613902423
8,2749.8495789630533
9,1209.796546759976
10,4917.713336989377
11,1236.199735395164
12,19.988776942141545
13,9.701243317842511
15,248.35153603763467
20,4196.371639622377
26,113.7782016132458
27,736.1628333160747
28,92.80927037937654
