Zone,Cerfs
1,871.9869369791502
2,885.4012746493619
3,1707.4573916489958
4,3505.1041271373015
5,1714.6836278723852
6,4500.655281220013
7,3922.0376860720894
8,3374.2470171514656
9,1435.8252439091734
10,5578.94710972497
11,1258.151680792918
12,16.25156280590197
13,7.675046842224952
15,253.3069912404721
20,3246.930834948918
26,90.1676002493923
27,612.7481634311258
28,88.77603927143798
