Zone,Cerfs
1,1013.1499973133326
2,871.4481913235105
3,1676.4309550799053
4,3612.858462094408
5,1759.832499325447
6,4505.566873908806
7,3982.22119137139
8,3492.6294123396783
9,1530.1868692207831
10,5368.760172948626
11,1182.6873165709403
12,14.514392469212035
13,7.580602835011429
15,171.89685770098586
20,3951.0265878090217
26,72.18203743820499
27,623.6916897473144
28,93.05558361802896
