Zone,Cerfs
1,888.886928587104
2,669.1241975211776
3,1700.2358459725795
4,3365.4862429086097
5,1823.7614061070437
6,4010.6316963003796
7,3276.7758029486395
8,2710.254793530126
9,1108.1187584214922
10,4229.698328898884
11,1281.0913710004234
12,20.14961897013945
13,7.167962810317071
15,320.3523505626513
20,3654.8099137345775
26,97.50756983186676
27,736.8872152283668
28,84.88057177616292
