Zone,Cerfs
1,847.8655114573106
2,895.0888276635158
3,1665.7062014900928
4,3366.8356775624484
5,1683.8572410775405
6,4247.863272114579
7,3651.9076771722193
8,3188.7447682635648
9,1407.8316799559564
10,4260.275121708816
11,1243.2398509133748
12,16.238475986987222
13,7.698047088791198
15,229.76468416296433
20,3306.0283648750064
26,90.55745785138245
27,661.4778873273868
28,89.95983692848077
