Zone,Cerfs
1,902.192422439882
2,734.6721552234011
3,1870.0512455597252
4,3564.353909474211
5,1877.8666386393902
6,4487.657962328979
7,3071.775504526838
8,2811.920157151862
9,1283.828635605366
10,5124.831649118944
11,1275.3100109150273
12,18.253377873016678
13,8.026900342847048
15,241.761854933259
20,3804.7939269388316
26,134.44133616496867
27,760.8178677503195
28,95.33225835710222
