Zone,Cerfs
1,861.8333377252546
2,667.9522731759029
3,1762.186417002387
4,3450.0218901271733
5,1846.9831932607858
6,4151.340637961515
7,3104.415847967846
8,2821.746060466072
9,1208.2091519069377
10,4593.516937823306
11,1295.8240474072772
12,19.031424775962538
13,8.895779135526233
15,260.02559165814375
20,4387.1634472616915
26,110.69948093974185
27,744.1620060467123
28,86.48186258950966
