Zone,Cerfs
1,902.6124598610484
2,734.4755400381795
3,1870.534543208467
4,3569.257649184841
5,1893.257252582583
6,4508.574882530504
7,3085.6806447690824
8,2871.0518986612196
9,1264.4695035908298
10,5214.48296036569
11,1279.3151610654256
12,17.57022068306138
13,7.985824426976506
15,243.30538869996397
20,3812.0567778495215
26,132.94034222787744
27,766.6461034072266
28,95.00782815362291
