Zone,Cerfs
1,519.6557311639484
2,803.5945908901342
3,1779.174973520483
4,3594.8984461934942
5,1776.8469680062933
6,4505.9919860026985
7,3165.45948892063
8,2862.937274524255
9,1401.9966699241536
10,4121.816173309551
11,1382.3786944534638
12,10.198084590371312
13,8.728195536485645
15,408.4380698332293
20,2255.317863439076
26,160.23638838199892
27,844.5210397232308
28,132.685224262999
