Zone,Cerfs
1,905.1474161429289
2,692.7387520733007
3,1882.1673747116272
4,3592.5178626412953
5,1833.6748411947997
6,4362.3089812932785
7,2959.044898049968
8,2778.875747161854
9,1270.3211948386481
10,4970.396730461266
11,1250.0022198256768
12,18.039787257643624
13,8.590339904534673
15,243.53027555178835
20,3817.6294601847576
26,127.19363450257734
27,756.5790222317409
28,94.33861419062507
