Zone,Cerfs
1,1267.156452460078
2,747.9776142803543
3,1762.0155696341042
4,4094.653989564133
5,2222.49817523546
6,3914.985444388296
7,3769.2361926498334
8,2866.579823005399
9,1533.0782192233112
10,4378.352182010807
11,1161.834471080154
12,16.22773761379963
13,4.6157123079153894
15,379.208400510867
20,4338.628115121077
26,124.65902686410458
27,871.21576662428
28,73.25070239860578
