Zone,Cerfs
1,870.7344713339926
2,767.0340884973319
3,1875.0975995292142
4,3574.637285858297
5,1906.546100734758
6,4419.299967717759
7,3088.0747079913053
8,2965.215528136918
9,1195.8568901298622
10,5237.282057926914
11,1173.5530037637104
12,17.721988280672285
13,7.958075510028355
15,246.72427586219152
20,3895.947514746387
26,137.5296253834412
27,771.0399797955558
28,95.74685730200162
