Zone,Cerfs
1,1249.965649085906
2,751.2283500776633
3,1858.604850920562
4,4005.5024035566876
5,2219.5156880148297
6,3934.359281945457
7,3860.0153331564434
8,3223.673190514892
9,1463.367848432312
10,4254.468475576007
11,1330.5657948092487
12,15.01306339394259
13,4.8466868052581695
15,375.1573514550968
20,4322.0473430357015
26,124.96766758728936
27,863.027407417379
28,79.59858495604175
