Zone,Cerfs
1,936.8801650561364
2,680.7692672374595
3,1690.098018542158
4,3323.1017596739944
5,1823.7683623522153
6,4277.043794554346
7,2799.021246764473
8,2656.0940752859774
9,1148.1121988996524
10,4285.4380636068045
11,1176.4555397634178
12,20.380596610412308
13,7.189654900532013
15,367.2473228222785
20,3778.369389595586
26,88.86594842943592
27,738.1391127517868
28,87.02553648006075
