Zone,Cerfs
1,870.276270337503
2,690.4813338366126
3,1756.0531078820554
4,3385.78687062547
5,1821.533290780853
6,4026.6130196387276
7,3101.681233855883
8,2772.656131184477
9,1092.9006622320028
10,4629.009706653562
11,1338.2484533484946
12,19.47361585245284
13,6.881550580125463
15,255.6480429980046
20,4133.563232514832
26,107.14360858917945
27,742.8094778024241
28,84.88642219117557
