Zone,Cerfs
1,887.7815308283734
2,672.068570884878
3,1666.1022807536488
4,3338.408484614954
5,1827.8082520501582
6,4007.214804942589
7,3198.588861098773
8,2695.557028345639
9,1144.2699077900115
10,4229.030514022941
11,1193.5310379970877
12,20.20962796715901
13,7.26345052477665
15,313.3593896395374
20,3655.8453190858318
26,96.79347583764388
27,738.1663907469575
28,84.26230185168112
