Zone,Cerfs
1,555.580286847647
2,826.6604353936565
3,1817.0997423833448
4,3500.830060340619
5,1999.666286013076
6,4325.164401480808
7,3320.093652677094
8,2923.1359639982516
9,1377.6759930188366
10,3763.1999317377185
11,941.9983623137487
12,7.309733459763624
13,5.9634023624963355
15,359.8428430154297
20,3002.3449663152687
26,181.24955790308306
27,712.7226721450654
28,91.29118459785519
