Zone,Cerfs
1,808.5457737838692
2,668.4255483957772
3,1605.606686154129
4,3397.6038682056083
5,1699.6816855596394
6,4149.886790994663
7,3510.8056109249674
8,2692.9414358514405
9,1432.3324760268692
10,4221.3157812914615
11,1147.3408054148815
12,15.788431769069822
13,7.746631727365248
15,297.1492605091555
20,3469.896215302068
26,75.35499940718798
27,714.4821533960505
28,91.90914945146366
