Zone,Cerfs
1,1295.353676469553
2,759.330698487159
3,1854.7112830897938
4,3994.4324851800748
5,1838.1022065591985
6,3956.244009401969
7,3810.4057869136936
8,3215.1696811631127
9,1463.1680174377686
10,4083.3608429602273
11,1375.1039462569668
12,15.080430838474406
13,4.659250234915614
15,407.0139206827921
20,4146.490462648652
26,154.78648202443736
27,831.2092009908704
28,79.35718379813986
