Zone,Cerfs
1,1155.3972679121928
2,786.7847338256448
3,1757.8721015262615
4,3608.136904222114
5,1824.6065076292095
6,4422.254525131873
7,3358.4355329826735
8,2731.336952858129
9,1425.3490077421652
10,4000.487151225503
11,1291.7810600068628
12,9.12496606408111
13,10.207001089614725
15,436.9463154363617
20,2237.986868503747
26,160.3415269501092
27,856.9686000667372
28,70.19590980387632
