Zone,Cerfs
1,883.637961781423
2,680.4390700875052
3,1686.5664624992153
4,3332.9850297013645
5,1829.8417356190878
6,4068.7567718007904
7,3095.392920727184
8,2702.398916177638
9,1137.799072005961
10,4242.78900375551
11,1203.7513464747983
12,20.232495864007213
13,7.26641495130272
15,325.9356302681014
20,3660.1384261490484
26,94.7896418790236
27,738.2648858497608
28,83.48197270640183
