Zone,Cerfs
1,886.2838789142944
2,731.7714107834825
3,1876.7583076373116
4,3564.988578456814
5,1897.9405339420648
6,4535.205381953468
7,3091.582728390796
8,2884.6227875009886
9,1250.632681937478
10,5220.857279028963
11,1271.328497203296
12,17.506577304632643
13,7.958075510028355
15,243.78490703381934
20,3842.7947330934703
26,133.11429670340607
27,765.4780277303033
28,94.95075378411217
