Zone,Cerfs
1,825.2623911877096
2,715.2290225636887
3,1769.6763273647043
4,3553.1606272324175
5,1808.4483232247776
6,4358.707169061299
7,2996.8849639732707
8,2783.3488552758668
9,1270.435746888303
10,4835.051028899561
11,1248.130278802759
12,19.41336437797924
13,9.6259369867028
15,243.72863219346777
20,4142.129076424107
26,114.89578090502525
27,743.7700052794512
28,92.34147389769876
