Zone,Cerfs
1,870.8446269865647
2,710.332793703792
3,1832.1385569599545
4,3584.7753692133642
5,1820.732589732074
6,4404.117958999565
7,2976.808667053453
8,2806.875546538737
9,1303.093734374466
10,4980.4488682143165
11,1258.1722056607855
12,20.436183920340028
13,8.555149630032126
15,246.2400870303369
20,4038.9455352331624
26,127.68109527990777
27,744.141249029057
28,93.78647296631861
