Zone,Cerfs
1,886.5677029173534
2,707.4790466785921
3,1849.0806855732885
4,3581.704580162115
5,1828.5158220269118
6,4405.167215230915
7,2971.275775962481
8,2814.00439961466
9,1294.7498324707506
10,4983.007971094853
11,1253.751755311014
12,19.155500543522248
13,8.501743019008119
15,242.40418353132804
20,4020.7271040741366
26,127.98162470540001
27,748.8092672711089
28,93.54837614044689
