Zone,Cerfs
1,892.2587286380361
2,711.3451810979046
3,1752.8561926292073
4,3395.7629423483286
5,1826.98123394181
6,4032.5469778744045
7,3043.5780535390504
8,2730.027608847169
9,1119.5914818497693
10,4668.61626648893
11,1328.2910292699376
12,19.317019184692267
13,7.244017218643606
15,270.55249525649725
20,4054.390524234705
26,107.66150061316304
27,746.6092520308069
28,83.95808525260924
