Zone,Cerfs
1,1022.866373065412
2,856.1658596721144
3,1668.9645544975106
4,3606.487560841533
5,1779.0948871397898
6,4487.551252137778
7,3895.858339867468
8,3472.248608866238
9,1518.838198385122
10,5377.769892657975
11,1206.954144682078
12,16.405171819093855
13,7.677703440492666
15,223.2297119684108
20,3965.4319193710116
26,71.83033491338452
27,603.9743368666404
28,89.18985042860857
