Zone,Cerfs
1,1080.6917224114536
2,872.6637426425924
3,1755.3940531489643
4,3660.8094251276625
5,1867.9812084089822
6,4642.890085159286
7,4126.857730495151
8,3353.033088752452
9,1546.3292053209316
10,5587.17810307811
11,1304.538744639647
12,16.28940512157334
13,6.822372518426535
15,155.2890409906119
20,3984.9741026322467
26,67.35573750172497
27,623.8778398439654
28,92.31812999952221
