Zone,Cerfs
1,888.5651219879478
2,709.2706450877549
3,1933.0892354417604
4,3525.477560102554
5,1831.4032615288982
6,4421.5128151842555
7,2951.606979393781
8,2782.297509601159
9,1262.0592829547063
10,5063.645055944153
11,1259.9723593551262
12,17.55015930143243
13,8.651695553191852
15,236.21800525019063
20,3848.9028479585677
26,134.05098992355892
27,753.3454398756096
28,94.99641691081223
