Zone,Cerfs
1,1088.7868281960516
2,1028.866060979033
3,1755.2628212131085
4,3716.2952583081883
5,1821.0428924061455
6,4638.712303051952
7,4131.653560509983
8,3746.358496332058
9,1495.751754216583
10,5753.655854438104
11,1315.905830650078
12,16.0807659873146
13,6.6335916185711445
15,174.07472567845264
20,3953.569643519369
26,70.99929571406552
27,650.078520579013
28,91.08742158843636
