Zone,Cerfs
1,815.6886218283967
2,735.6549620823041
3,1618.51505450392
4,3378.8753709173156
5,1696.790894884308
6,4229.589643940879
7,3499.2613327348745
8,2769.9678176210236
9,1410.0299284794687
10,4277.115631957251
11,1216.5519109862555
12,15.742923990074045
13,7.762359618269985
15,267.60280342955133
20,3409.551554669286
26,68.39925660278249
27,715.4351032720854
28,94.12334761466681
