Zone,Cerfs
1,919.4043704454435
2,730.752468822502
3,1789.5289012659139
4,3507.422481201724
5,1830.1721392993759
6,4487.85417074496
7,3020.482544646453
8,2778.3289765216496
9,1277.6624608532616
10,5039.47283122841
11,1250.9575886267646
12,18.01467875926216
13,8.053792599939776
15,242.05406819141191
20,3884.7676857999104
26,137.56867701696632
27,749.9789397528391
28,95.8319568328613
