Zone,Cerfs
1,800.4455792756441
2,703.3250438895485
3,1765.3678956824895
4,3556.7710953888763
5,1808.645230206328
6,4356.3300296465895
7,3020.45908617245
8,2785.9472127890044
9,1301.3279738133415
10,4822.631692654416
11,1254.998997612746
12,19.244802056698717
13,9.875584281938583
15,245.6975298198823
20,4126.481273937733
26,115.43845777474621
27,741.7796400646922
28,92.1014680856523
