Zone,Cerfs
1,1099.336904835536
2,1018.8638546509378
3,1655.8567967531576
4,3742.552953740587
5,1819.1050746989529
6,4612.051233182499
7,4152.864293531829
8,3804.1449371189565
9,1496.4136809850313
10,5764.254599771744
11,1316.4263198111141
12,16.892192704763495
13,6.6462966675279125
15,157.81200838636218
20,4108.015432251582
26,72.77492836898078
27,648.3718311503651
28,89.24650938120878
