Zone,Cerfs
1,416.1447750470055
2,744.0007147650136
3,2087.212265940251
4,3523.617841186694
5,1995.0940866812239
6,4391.725809173191
7,3326.0082679911648
8,2905.034205476253
9,1138.8535360582923
10,4368.350130861306
11,1100.2981726300795
12,2.6999920740561034
13,4.294880302450667
15,342.03397269467695
20,2469.747419907632
26,167.16544875564108
27,719.0651636434964
28,91.29118459785519
