Zone,Cerfs
1,1052.4142014947558
2,1070.1753170419431
3,1785.7917847819058
4,3993.132593500553
5,2064.1647872076614
6,4864.632720790862
7,4633.014738380121
8,3825.1635152752024
9,1654.0896208177805
10,5606.38216697676
11,1334.1107581491979
12,16.468309476170695
13,7.44630357842341
15,271.9588681536728
20,5188.574491601999
26,93.3242425445855
27,637.1690179221437
28,71.83588571532123
