Zone,Cerfs
1,785.3984261761544
2,713.4932363343707
3,1807.7596126232488
4,3524.7422935957893
5,1817.7092370135276
6,4397.572942137841
7,2997.508176581
8,2805.213334954669
9,1294.195878205933
10,4978.090807294083
11,1227.15403664964
12,20.157765511114842
13,9.108422864608883
15,243.71765529552533
20,4052.817877589406
26,128.17442656241423
27,744.4590476089462
28,93.5418368776532
