Zone,Cerfs
1,953.8079583627467
2,674.5344003488317
3,1699.0235917018344
4,3421.025647504519
5,1793.3446245172563
6,4154.6507755917355
7,2773.6480164536533
8,2638.2893070665323
9,1319.3819848891696
10,4321.522155000571
11,1134.6735647764253
12,20.55326772335016
13,7.80434036674563
15,310.2741972802145
20,3810.8534785799125
26,83.93176859121021
27,718.6209427211555
28,91.22783306066673
