Zone,Cerfs
1,878.7363486474665
2,750.3457505665274
3,1879.8105573047594
4,3543.546274860681
5,1899.6350588772818
6,4501.494823724831
7,3088.0747079913053
8,2893.5666616944736
9,1194.0317114343816
10,5275.971632765903
11,1229.993296695865
12,17.47864211449629
13,7.958075510028355
15,242.9832218353326
20,3858.255666009802
26,133.77922169477506
27,771.0399797955558
28,95.74685730200162
