Zone,Cerfs
1,1193.975655625784
2,1093.9867893421485
3,1613.1548754286293
4,3815.305420226598
5,1859.6119166050191
6,4810.739000317145
7,4155.919554940501
8,3826.9921459467337
9,1526.6281679992335
10,5764.567290877665
11,1380.904650967032
12,16.86297468958543
13,6.832013251502471
15,212.52504016276646
20,4095.236149969176
26,79.46310897015012
27,612.0204501963967
28,89.18236238545295
