Zone,Cerfs
1,878.2771055045234
2,725.5085997643989
3,1768.1828739791997
4,3591.609799543217
5,1808.8361892161538
6,4361.326232454982
7,3023.9306343989847
8,2758.8710555497537
9,1198.9609144296578
10,4913.0996706688275
11,1235.4194486797203
12,19.810303986387037
13,9.635030545727725
15,257.5239981370514
20,4211.282839804126
26,111.54089928804243
27,734.5240607672313
28,91.47571991116124
