Zone,Cerfs
1,868.0175674493188
2,767.8916233832703
3,1874.5738884701168
4,3566.061403943054
5,1906.546100734758
6,4416.919607451373
7,3088.0747079913053
8,2965.1967271722765
9,1198.1673453164062
10,5205.227858522027
11,1175.8637321929589
12,17.901429297722547
13,7.958075510028355
15,246.72427586219152
20,3900.535994966319
26,138.3308534062383
27,771.0399797955558
28,95.74685730200162
