Zone,Cerfs
1,890.2964898131133
2,894.2142888547767
3,1785.3310253800832
4,3474.9915552716334
5,1686.2758326311557
6,4253.057872622321
7,3644.8702431405954
8,3307.052242644311
9,1412.6956724255026
10,4346.237000820422
11,1249.4735648593398
12,16.331143313512474
13,7.65129358248015
15,232.31760474437183
20,3302.6559963728205
26,90.12747552256315
27,657.6456148107447
28,89.60579928809423
