Zone,Cerfs
1,1187.2954094209863
2,1121.139379700755
3,1708.689969168185
4,3914.7503363298897
5,1955.2692583501712
6,4939.95619244169
7,4607.203265144561
8,3730.6467845634543
9,1649.2385174882515
10,5635.513433882816
11,1252.1403007676515
12,13.561071373675007
13,6.637757409739197
15,262.67030328345135
20,5087.785188968029
26,74.9576156586009
27,627.0522522334657
28,71.8120460529551
