Zone,Cerfs
1,696.0801539268791
2,688.9679705300766
3,1592.0370307466003
4,3367.185433940741
5,1741.151974795734
6,4184.142532641857
7,3406.33231805401
8,2678.2420114888187
9,1285.255270631721
10,4264.374241325462
11,1085.2246488542496
12,20.843906183201785
13,7.620384305678593
15,308.9780936055813
20,3805.499315476457
26,88.13577260702958
27,715.5966314317961
28,93.45578876678934
