Zone,Cerfs
1,908.5224508082661
2,709.8506062420797
3,1848.1047951648088
4,3565.0503057558785
5,1823.6873034227128
6,4413.3143222544495
7,2969.7919881001008
8,2807.2742006880253
9,1307.709778922378
10,4980.465161009195
11,1262.922636723049
12,19.58894039687393
13,8.514649652748155
15,241.5497421126284
20,4042.1043713957974
26,128.45507576868386
27,747.1585826805726
28,93.81078339384418
