Zone,Cerfs
1,1065.6059468543815
2,866.9158051858519
3,1756.7419523343656
4,3648.279643988348
5,1818.8059964856434
6,4652.0790994125955
7,4093.2434297233976
8,3450.943772282687
9,1515.3792538136731
10,5440.780027733642
11,1282.713730627371
12,14.261310735381086
13,7.06566563991067
15,167.02345840908055
20,3963.139967982235
26,60.44315411104392
27,622.2465990592707
28,94.50582121651193
