Zone,Cerfs
1,894.3151195088366
2,694.4179726216672
3,1905.6881458430264
4,3593.0408053321758
5,1836.1056743639965
6,4389.18791646047
7,2920.223580612617
8,2764.6739969431737
9,1266.9869886930694
10,4957.0578915486785
11,1242.445175038738
12,17.834652344499492
13,8.576478988426004
15,239.14359139342466
20,3819.0762106208463
26,129.0562081352465
27,760.7699514666201
28,94.90418462831434
