Zone,Cerfs
1,1400.3824219448525
2,858.8327765525635
3,1800.786812820852
4,3860.900142223422
5,2224.8018969170625
6,4781.368233858595
7,3822.888290470106
8,3424.085380924106
9,1478.1984509878594
10,5190.295718179174
11,1186.8777719641078
12,9.309456322545092
13,6.806326015529208
15,259.45476412446146
20,4558.4817786680915
26,102.8194682172572
27,871.211297568723
28,75.46041832385461
