Zone,Cerfs
1,1196.5272124405876
2,1100.6481796720486
3,1681.417702242259
4,3854.691861345651
5,1960.3226223832808
6,4588.453279887323
7,4210.4783022468655
8,4006.8538281683864
9,1628.195662351085
10,5977.266402085603
11,1192.418214272502
12,17.112278297844618
13,6.513328944015916
15,168.88071449475748
20,4508.961207103383
26,86.07258304487048
27,614.2233220024584
28,86.4510665475743
