Zone,Cerfs
1,891.9242214266674
2,731.9877123147336
3,1876.2751427829207
4,3568.047765483846
5,1898.2713038471982
6,4510.038088612284
7,3085.679105368683
8,2876.890251373389
9,1254.703114998116
10,5211.730574263567
11,1279.58973199135
12,17.568171204952982
13,7.985231709606125
15,244.86451580874697
20,3819.8729872343442
26,132.96327969420025
27,765.8987036817551
28,95.01343090531695
