Zone,Cerfs
1,901.3602776308059
2,704.026467457082
3,1881.8560552381607
4,3611.3726654675784
5,1829.4789708940825
6,4368.968475313404
7,2981.553012848682
8,2794.842324511019
9,1294.2084790309716
10,5000.107072946365
11,1259.1294006339854
12,19.26411630401621
13,8.52122859394459
15,244.11403642855504
20,3837.815546688597
26,127.47955412384823
27,750.2652456502119
28,93.80834155112335
