Zone,Cerfs
1,892.4137486098845
2,695.6407019582375
3,1921.603669700722
4,3586.5753762553068
5,1836.5212887898897
6,4401.838359628637
7,2902.6701526435377
8,2771.296391396635
9,1267.1873948513885
10,4949.339168948887
11,1243.8333462665926
12,17.67621507134981
13,8.624962135603926
15,236.5413342563031
20,3835.055247593506
26,131.95825695450924
27,761.0907463835927
28,94.87312062884945
