Zone,Cerfs
1,794.1979163288054
2,716.1489957163093
3,1795.7308200200864
4,3424.204842251518
5,1811.9153913943717
6,4381.999815644402
7,3015.351987586535
8,2803.115394902197
9,1299.4462731959677
10,4984.959800358965
11,1231.566329203924
12,20.149909731681714
13,10.032096602550414
15,246.1136523879825
20,4055.930949118249
26,126.87493847984985
27,743.5616531601161
28,93.02397251364673
