Zone,Cerfs
1,861.4909524675232
2,715.1194614951389
3,1752.6378724677259
4,3402.8068034826915
5,1824.6473921481265
6,4030.88492166545
7,3127.03039466229
8,2728.5729439703982
9,1100.8625804080082
10,4641.937041281855
11,1331.1729154667948
12,19.382347465822143
13,6.997694380840651
15,270.47673128614235
20,4102.84324596127
26,107.14187020907642
27,747.8047689150947
28,84.67959649067352
