Zone,Cerfs
1,1148.9885344143931
2,1098.6948447601105
3,1644.4531048465915
4,3766.5757404208484
5,1790.821467066247
6,4768.168121665396
7,4156.844830781668
8,3807.212081451393
9,1500.4456474824344
10,5717.9290649990735
11,1361.5072658027123
12,17.387444314346006
13,6.637266028675556
15,214.97604236512998
20,4132.813154721623
26,79.4413035824482
27,633.39060043479
28,89.21805022284524
