Zone,Cerfs
1,867.5315519197759
2,710.1230885714708
3,1770.7923741450966
4,3576.0962008389756
5,1811.0910561493283
6,4368.186855205117
7,2990.6814698665894
8,2760.898263771891
9,1196.1326238153308
10,4951.220286993364
11,1236.697024638368
12,19.577799824544996
13,9.711955249799379
15,243.7463065451146
20,4188.253687868735
26,114.53642536169903
27,739.6369748728349
28,92.59121000796497
