Zone,Cerfs
1,1192.3943158801626
2,971.5057349632971
3,1685.8333642700934
4,3865.783946329476
5,2027.012594669751
6,5187.698615909241
7,4088.1891573370285
8,3986.8674585805434
9,1638.1250617491153
10,5989.9233246683
11,1200.6629967734682
12,16.852948093017144
13,6.542527760683631
15,294.3245207530244
20,4481.426128700836
26,99.11265052815543
27,648.7150267941897
28,86.43500424360258
