Zone,Cerfs
1,888.4455737219058
2,711.771865654282
3,1743.5230545622603
4,3381.7095491296395
5,1835.1530275899836
6,4005.1410900672863
7,3085.5390075984246
8,2704.489465749447
9,1104.537143097234
10,4594.30178036194
11,1314.6736812040015
12,20.710813195465082
13,7.200467797304742
15,287.96824050891007
20,3636.8102638259743
26,99.55796506565447
27,730.2675417876459
28,83.45511093047959
