Zone,Cerfs
1,940.5273016700421
2,683.0374683158733
3,1698.8433794323819
4,3296.4953044831827
5,1818.6932066437346
6,4189.8249418678915
7,2804.5863298007675
8,2646.6185296817875
9,1122.748124117705
10,4328.867071054645
11,1145.2684689761536
12,20.1309250214282
13,7.326901489439836
15,334.92874640473923
20,3831.0431004832517
26,88.02356127058202
27,730.3623551038387
28,89.4036971007
