Zone,Cerfs
1,1186.0435644827362
2,1087.1815373001962
3,1585.8022556580283
4,3695.222170299315
5,1825.8439979145146
6,4734.659531071935
7,4250.887899639083
8,4007.9151586354105
9,1514.246604375738
10,6049.360984013974
11,1148.393919843298
12,17.03625947283483
13,6.815875924490134
15,152.25617758865303
20,4286.499629847857
26,82.94625515053399
27,611.8186176835163
28,83.22423503892472
