Zone,Cerfs
1,902.1573799121588
2,739.964439758617
3,1870.4723102080318
4,3568.770639136678
5,1893.3785501186098
6,4501.499366001781
7,3085.6836391198176
8,2874.8619054394967
9,1269.1868054432389
10,5173.212508435938
11,1277.4937938189366
12,17.633631641252258
13,7.988581406483285
15,241.36895181004357
20,3806.9855761410986
26,132.50035381435487
27,767.7494172396767
28,95.03833206254363
