Zone,Cerfs
1,899.373453552137
2,741.8667518993011
3,1870.329201524259
4,3569.954652139961
5,1894.5664289916922
6,4489.583593827926
7,3072.156306807728
8,2812.6605486802277
9,1277.6916013174748
10,5163.570914037149
11,1274.2044892438114
12,17.931198813035767
13,8.042349346362272
15,239.9799099884193
20,3806.986280973766
26,132.40334426566682
27,765.5262403642987
28,95.54449037195067
