Zone,Cerfs
1,880.5351086389874
2,759.263090671491
3,1881.5655480516266
4,3538.708619731611
5,1906.546100734758
6,4417.4711951746285
7,3088.0747079913053
8,2898.7048516350296
9,1185.7389332650823
10,5234.552379756387
11,1221.4319880368332
12,17.471396062914017
13,7.958075510028355
15,245.65779637147588
20,3829.9417358282826
26,133.87443152081934
27,771.0399797955558
28,95.74685730200162
