Zone,Cerfs
1,899.9489125311595
2,674.2370862506041
3,1601.935558900619
4,3414.5787429789093
5,1743.6610044753306
6,4157.5134019824945
7,2853.5868763179765
8,2649.632221392392
9,1313.8443195589784
10,4174.579115352455
11,1120.246023293933
12,20.344576626237718
13,7.747414742864799
15,307.0366037591117
20,3776.8449218430965
26,85.14257443688733
27,722.6975078997872
28,91.99486311622995
