Zone,Cerfs
1,857.3482726932154
2,774.3912245472884
3,1871.346264921452
4,3566.061403943054
5,1906.546100734758
6,4416.919607451373
7,3088.0747079913053
8,2965.1967271722765
9,1190.3915479473558
10,5202.635267081771
11,1170.1729592694426
12,17.901429297722547
13,7.958075510028355
15,246.72427586219152
20,3896.97595312329
26,138.3308534062383
27,771.0399797955558
28,95.74685730200162
