Zone,Cerfs
1,1294.2180787435227
2,815.0849446047957
3,1789.5495827479335
4,3963.576490717047
5,1761.4189313250808
6,4011.125667791211
7,3903.0914132154903
8,3148.7469578573887
9,1331.4514950429043
10,4079.3924770673184
11,1375.0724247521825
12,13.317238486405936
13,10.111733727131952
15,408.5281510000894
20,2903.2635540590027
26,136.34134609879115
27,792.7675279605511
28,77.34357201923265
