Zone,Cerfs
1,923.6447923682165
2,674.4521667823757
3,1762.7504586972252
4,3418.9056044651466
5,1802.9280005923106
6,4139.148970408821
7,3082.523360013005
8,2878.2678891143864
9,1219.5065220758843
10,4553.599485810304
11,1324.307972549896
12,19.044918486316025
13,8.799985431778738
15,257.492123825178
20,4366.389744401964
26,111.26448003648511
27,744.5956430523477
28,87.35172580194168
