Zone,Cerfs
1,1128.678640585178
2,1009.7554745026864
3,1711.8827382803527
4,3945.831317596605
5,2062.860584578815
6,5034.655613784939
7,4111.129782189326
8,3981.853214541711
9,1555.4639452210547
10,5863.780425216791
11,1324.4082993517166
12,16.941495665722947
13,6.6088305753050065
15,397.9116661615119
20,5010.542138943939
26,96.6432971276084
27,650.8600324015061
28,87.12924275963556
