Zone,Cerfs
1,893.1169163750267
2,732.1103867659336
3,1876.6433892413147
4,3577.6597830090036
5,1898.0784486326763
6,4534.291275386639
7,3088.276851201443
8,2881.2470695819825
9,1250.114723656599
10,5218.800381507913
11,1274.1426784493462
12,17.556592775028438
13,7.958075510028355
15,243.78317436481882
20,3812.46402043999
26,133.40584956131602
27,765.641266321058
28,94.865550482261
