Zone,Cerfs
1,860.6550000566733
2,768.1692142251876
3,1871.1408788034048
4,3566.061403943054
5,1906.546100734758
6,4416.919607451373
7,3088.0747079913053
8,2965.1967271722765
9,1200.7988619062842
10,5197.912702586982
11,1170.0792437463028
12,17.901429297722547
13,7.958075510028355
15,246.72427586219152
20,3907.635461400639
26,138.3308534062383
27,771.0399797955558
28,95.74685730200162
