Zone,Cerfs
1,871.0438460348148
2,761.8945000300506
3,1879.4724491977645
4,3558.737415789915
5,1906.546100734758
6,4431.821924431663
7,3088.0747079913053
8,2920.3648554285855
9,1198.3455222784294
10,5295.156850006665
11,1229.1465610176501
12,17.364539505243886
13,7.958075510028355
15,246.72427586219152
20,3863.0459178884826
26,136.13588003312975
27,771.0399797955558
28,95.74685730200162
