Zone,Cerfs
1,1264.4730133195387
2,764.3494493998322
3,1771.8657738972495
4,3413.9599758885784
5,1763.1488166406127
6,4402.219395822817
7,3868.3419712954437
8,3125.527184219829
9,1355.9431761830963
10,4042.703524457742
11,1374.993883514089
12,13.639109371188063
13,9.900748817773568
15,438.2627288854263
20,2898.271735653285
26,131.43811633101078
27,792.953814072165
28,74.50670890647407
