Zone,Cerfs
1,1343.7132580398647
2,1092.3196630289892
3,1886.6758814075467
4,3223.201113235703
5,2124.714510067269
6,4829.370264812874
7,4569.600225034067
8,3607.4104165062963
9,1625.7787211634704
10,5810.945132555057
11,1199.3551151250147
12,13.894720914783585
13,7.320078691099875
15,185.82006308048042
20,4391.253658405052
26,121.41205642562598
27,701.3255066281091
28,73.56102199871873
