Zone,Cerfs
1,894.2527915488229
2,708.3952368740036
3,1859.639611548493
4,3587.4607324982726
5,1828.7711135282343
6,4366.2227347489215
7,2977.9201024849626
8,2800.6928122859213
9,1293.4746147687822
10,4995.733805837817
11,1268.9227429587809
12,19.197910630924053
13,8.588985042889595
15,242.9141610932971
20,3891.9929141953535
26,127.74745018566682
27,748.8734926191008
28,93.68742658686614
