Zone,Cerfs
1,957.8157753227084
2,688.0938347736558
3,1755.1345688431238
4,3363.169429186387
5,1802.7528794401987
6,4328.938457965286
7,3107.524330984297
8,2772.83606186242
9,1195.0913556128526
10,4956.45610791487
11,1309.416938927209
12,21.173149962167596
13,8.92064239550411
15,259.2635525605953
20,4225.3252498429065
26,109.09723677101647
27,732.1151244047679
28,88.83106810611119
