Zone,Cerfs
1,896.5304020138044
2,725.6862806920021
3,1769.6439603154863
4,3591.499035461934
5,1808.8764889331221
6,4339.828636190113
7,3081.0478178863495
8,2759.0133021554393
9,1177.7336023707715
10,4926.296098173539
11,1236.037131276693
12,19.994164865377027
13,9.593566735815836
15,257.53127107562466
20,4208.756637527378
26,111.24477798823796
27,731.2925000014172
28,91.78456423035783
