Zone,Cerfs
1,867.513269024412
2,681.1616430694216
3,1752.3781181928623
4,3390.6777367283303
5,1812.7221643592602
6,4117.399262225526
7,3102.0089153026793
8,2787.6383698925197
9,1163.218608988202
10,4621.085489885506
11,1319.4979867735826
12,19.636962647181353
13,7.76979892868631
15,261.61054176551306
20,4142.484110383468
26,106.16646285865832
27,742.5327430769454
28,84.91355383772385
