Zone,Cerfs
1,917.0633986548584
2,726.0461909274302
3,1771.63978909322
4,3600.679164525045
5,1805.8912122364277
6,4342.584613325301
7,3094.315112014152
8,2743.2853375530635
9,1169.0380438492032
10,4964.496775888113
11,1228.3994025068444
12,20.013935271668597
13,9.509548044446658
15,260.2197630062025
20,4222.328083943654
26,110.78456382406645
27,731.3981806362945
28,91.1188016515964
