Zone,Cerfs
1,1331.6078577478193
2,1119.2065820365435
3,1942.165439379615
4,3250.0586434964416
5,2115.469622740103
6,4834.000831763542
7,4657.756731597886
8,3714.6100267989286
9,1580.8100325180476
10,5674.468689417831
11,1196.068737906566
12,14.411481992164273
13,7.366018899805585
15,261.4432138253835
20,4623.000701306991
26,121.3383832854552
27,706.0533237411237
28,73.89171376166539
