Zone,Cerfs
1,652.3994135958874
2,681.1481838633218
3,1571.2748780771378
4,3346.0449826585277
5,1696.3907933009248
6,4191.125499101004
7,3434.1358055933792
8,2678.882450854448
9,1417.8775096112995
10,4170.971909084825
11,1153.3355193483912
12,20.785127405627293
13,7.702605352918811
15,301.86632699906573
20,3835.520997236276
26,92.41012812894986
27,733.7325493818217
28,92.5937727636105
