Zone,Cerfs
1,878.2664742675703
2,761.4290270682566
3,1879.675172852075
4,3558.6139790395387
5,1906.546100734758
6,4426.629321295485
7,3088.0747079913053
8,2913.6266039851225
9,1197.6307938308223
10,5277.946148561186
11,1228.5271347747
12,17.406935018431895
13,7.958075510028355
15,246.62491001787004
20,3806.186886826535
26,135.17193227133396
27,771.0399797955558
28,95.74685730200162
