Zone,Cerfs
1,1101.6860638323403
2,1075.6199169687266
3,1728.7393936540755
4,3905.605134197824
5,2095.6357612110633
6,4863.392665690981
7,4520.305443386555
8,3827.132506270548
9,1653.3447934227247
10,5936.179386895602
11,1278.5182991542065
12,18.594807431318863
13,7.087449578101631
15,404.02040737433697
20,4422.857918926015
26,96.15231408831468
27,668.4261077582163
28,71.84371345720727
