Zone,Cerfs
1,882.3126506036077
2,732.9490346610831
3,1876.9683751179186
4,3564.7370487606977
5,1899.4030873276179
6,4501.308528957025
7,3089.1380384277227
8,2884.6083409245057
9,1244.8216680722005
10,5256.719654136843
11,1265.573857950011
12,17.569240442190885
13,7.958075510028355
15,243.4745687434243
20,3858.1485260515783
26,133.11457586622453
27,768.6635789236017
28,95.36208504324964
