Zone,Cerfs
1,747.7770790508804
2,673.6165863658186
3,1596.1526525776596
4,3423.499010620146
5,1736.2235721487543
6,4156.306367883414
7,3043.7590857641767
8,2668.5276015870472
9,1288.4359836064925
10,4166.177598926058
11,1115.3932397901829
12,20.4464534006061
13,7.759400986470752
15,303.97447881889934
20,3802.88303376717
26,88.87877156296314
27,717.1875566705128
28,93.00027964182699
