Zone,Cerfs
1,888.7260103060551
2,759.6927276022419
3,1881.6881381736655
4,3557.7202352519234
5,1906.546100734758
6,4417.596180095208
7,3088.0747079913053
8,2907.589561475831
9,1195.0335632612116
10,5247.50422678127
11,1222.4894003035672
12,17.433680718727484
13,7.958075510028355
15,246.52472674345307
20,3812.4439649892947
26,134.910251800958
27,771.0399797955558
28,95.74685730200162
