Zone,Cerfs
1,879.2005497553738
2,712.0256315225874
3,1702.068098481395
4,3379.0030573746394
5,1831.0065421708805
6,4012.421907799584
7,3278.0340019142586
8,2706.2738138687355
9,1105.9545410839432
10,4236.9073515053105
11,1317.5640980439998
12,20.539194386873294
13,7.191685462853971
15,317.9338359429397
20,3641.6337117037456
26,97.94885516200922
27,731.7498675534001
28,84.14617851062205
