Zone,Cerfs
1,789.0726821324356
2,714.5051066504955
3,1823.411924469937
4,3573.9901086246414
5,1821.066577268761
6,4403.370642615933
7,2985.473668042754
8,2804.6455707530513
9,1293.387279046458
10,4979.659320633446
11,1247.4938374357648
12,20.29735392614909
13,8.577356391802482
15,243.67786692331146
20,4037.2098144261286
26,127.60898743054526
27,744.2907960863006
28,93.55466164532244
