Zone,Cerfs
1,938.0640636093999
2,677.9499036909199
3,1704.833759901205
4,3402.4294705830935
5,1805.1274626594452
6,4192.476215541658
7,2763.700407063137
8,2645.409058506001
9,1108.3769845590725
10,4335.68505943963
11,1148.037530881966
12,20.29533899524072
13,7.539482574747991
15,338.1058494827105
20,3828.7627231244514
26,86.70342319986115
27,726.1045945806592
28,90.30099792693734
