Zone,Cerfs
1,1314.4564770834852
2,1096.260541215432
3,1923.5445799212098
4,3248.152223827473
5,2124.469500380996
6,4603.520320818179
7,3852.6466071246696
8,3440.2431660046514
9,1583.8142420393833
10,5809.274602599526
11,1216.693032397911
12,13.698623397555043
13,7.491887224839234
15,174.06374240137595
20,4403.320937064274
26,121.53476050111841
27,706.6225216742631
28,74.31806946264885
