Zone,Cerfs
1,958.9692057918445
2,687.9499422672257
3,1770.2877908693008
4,3424.165543870431
5,1803.6252088577367
6,4342.89039136429
7,3110.533703969928
8,2780.842787277011
9,1162.0533996088345
10,4944.803207405456
11,1311.5890940266086
12,20.237681539955425
13,8.911575484580236
15,259.2252978404849
20,4228.225917507829
26,108.9413816881167
27,730.1579425700454
28,88.88617101610166
