Zone,Cerfs
1,935.6126385702106
2,681.2518368932954
3,1687.5026500822123
4,3333.0308141859045
5,1827.4667841933037
6,4269.264812031876
7,2790.1616509583437
8,2677.1149649222393
9,1151.7854501788233
10,4287.401519784218
11,1188.579241375478
12,20.476142531783267
13,7.305810217984871
15,334.7356431716992
20,3787.6752705921267
26,89.45019078941088
27,738.4344551916325
28,85.22070461997197
