Zone,Cerfs
1,949.0936037266463
2,673.5254381371755
3,1723.1501399100869
4,3415.602463938159
5,1805.1465339450012
6,4183.34887310031
7,2754.9714353704876
8,2641.688996514154
9,1172.0369741997536
10,4352.170403051733
11,1133.6055662726549
12,20.582836639445635
13,7.771416132552645
15,331.1384909607377
20,3804.3918693218716
26,86.80200307081735
27,719.8403349178736
28,90.38376065766053
