Zone,Cerfs
1,1329.6724023612824
2,1136.5555358453034
3,1915.9266596520629
4,3463.5285882390845
5,2055.5725209382476
6,4834.371278497352
7,4637.841686875818
8,3641.6282612680825
9,1576.2491627655133
10,5655.669166259037
11,1195.8006002633754
12,14.440505347377243
13,6.2309822415809775
15,245.2192278261005
20,4588.524745184222
26,77.59672642592112
27,701.0007684124181
28,73.98240667336985
