Zone,Cerfs
1,874.941071822533
2,890.1935358804692
3,1742.5017781070185
4,3608.1069069590867
5,1692.5264715416192
6,4278.188162876701
7,3855.9386180722895
8,3356.7873040523123
9,1431.074843395483
10,4653.813996084849
11,1242.5588140196628
12,16.247991319250307
13,7.653728033943525
15,256.27583880095807
20,3250.418252764844
26,88.5649121368589
27,661.8139357305935
28,89.06181389828409
