Zone,Cerfs
1,886.9494219296909
2,716.2791763647725
3,1933.3481179471908
4,3488.5020248843484
5,1828.3238040760125
6,4436.020062637858
7,2979.4806333901097
8,2789.2768046906517
9,1264.386570035107
10,5113.241065872071
11,1267.3531084420456
12,17.559795361729222
13,8.652694982332067
15,236.02725346927957
20,3855.8838213471445
26,135.76843964041666
27,753.3839053548838
28,95.10476904682456
