Zone,Cerfs
1,879.2527377777469
2,733.2414183880718
3,1880.6768833560327
4,3539.0870721449296
5,1900.2753607598938
6,4505.775630561643
7,3088.0747079913053
8,2884.481146889703
9,1241.5083206845245
10,5279.75685287469
11,1243.8964612078948
12,17.59376519394969
13,7.958075510028355
15,243.9143905035383
20,3853.5311290670084
26,132.8573852845567
27,771.0399797955558
28,95.74685730200162
