Zone,Cerfs
1,1204.5832821209847
2,850.6354624947068
3,1774.8516298178524
4,3597.971605459668
5,1837.0944803463499
6,4366.172978402618
7,3321.415736735594
8,2860.868050390938
9,1348.946512055688
10,4288.590118597132
11,1363.8188095344026
12,10.264934897555822
13,9.063922173556145
15,400.9092906329751
20,2242.6389279941136
26,160.3121473004307
27,855.7262967681256
28,86.15392327984499
