Zone,Cerfs
1,1156.712262609976
2,1138.4535507121934
3,1730.7708805661243
4,3934.4308771864635
5,1949.6528129681096
6,4848.007204548263
7,4641.291284358793
8,3763.4938935679493
9,1575.5553248124234
10,5664.9340601999875
11,1241.4294745502343
12,13.649768351714343
13,6.610552254904644
15,247.45558401454002
20,4631.342617411541
26,75.13898632334477
27,700.6238070091393
28,74.17188051135989
