Zone,Cerfs
1,866.245215374244
2,768.1910140556666
3,1872.448796375483
4,3566.061403943054
5,1906.546100734758
6,4416.919607451373
7,3088.0747079913053
8,2965.1967271722765
9,1199.8459192569771
10,5207.014653967774
11,1172.3020772043503
12,17.901429297722547
13,7.958075510028355
15,246.72427586219152
20,3903.5863435401543
26,138.3308534062383
27,771.0399797955558
28,95.74685730200162
