Zone,Cerfs
1,736.2329155878522
2,687.3800039101844
3,1589.9186853353772
4,3415.658109746448
5,1751.7781170225674
6,4188.962388122277
7,3123.3325850059737
8,2674.6566868228188
9,1294.6050436406806
10,4148.190931934771
11,1088.7374674142477
12,20.563167869965056
13,7.738467516362582
15,304.85066573709025
20,3797.953424931696
26,87.6765162364275
27,718.1853164552955
28,93.10292799672746
