Zone,Cerfs
1,891.8232391837507
2,712.0631145669465
3,1761.6890851253397
4,3382.571686141208
5,1820.519544109048
6,4039.934538594412
7,3030.8867877336534
8,2732.119745406069
9,1118.2005672675743
10,4684.244868125538
11,1321.6273714295385
12,19.46079062163983
13,7.163432270198219
15,277.49097459859007
20,3958.6590108811415
26,107.57760215480872
27,738.2735678312591
28,83.78588523573242
