Zone,Cerfs
1,671.2369726653106
2,655.146123283629
3,1580.904276019666
4,3412.7288531055765
5,1689.992535221211
6,4138.756617486237
7,3676.356604208677
8,2687.9107069320194
9,1421.4552368737986
10,4208.497916295691
11,1099.932603686907
12,16.540493203725656
13,7.668858503093636
15,306.9055436580894
20,3868.59101401535
26,72.66348913827947
27,722.2856117896248
28,92.2951538557569
