Zone,Cerfs
1,954.910339981707
2,688.4421138697915
3,1754.0173516501263
4,3363.142358483064
5,1801.6812391101141
6,4297.991219001565
7,3114.3887885223594
8,2779.804215568892
9,1263.8089858130027
10,4964.42381500419
11,1304.8203606937718
12,21.1456433314147
13,8.932352456897856
15,261.2396036025715
20,4222.774121622041
26,110.27605766688325
27,731.9388592771083
28,87.48957432223457
