Zone,Cerfs
1,809.3017028274913
2,676.8736686444875
3,1619.4348857725286
4,3390.274912180144
5,1700.874457204083
6,4175.140551421824
7,3457.3687937141176
8,2692.654211923906
9,1417.2146960009509
10,4284.3235425099265
11,1197.6359542676646
12,15.725387023016609
13,7.928294826714764
15,269.8829676973619
20,3461.277766887476
26,68.14935784753499
27,715.9083762030128
28,92.83732687124609
