Zone,Cerfs
1,858.8623334419663
2,702.6573376856493
3,1771.603082593016
4,3559.7634476139438
5,1808.0842309520704
6,4366.8876632032625
7,2983.4894095134778
8,2778.3026854320915
9,1189.2445912763699
10,4869.402364416931
11,1238.5364718246099
12,19.416228980902467
13,9.637768393757986
15,245.94662165600445
20,4177.820628676535
26,114.99893329954693
27,741.7008845467533
28,92.40101689885628
