Zone,Cerfs
1,1132.6531694547423
2,1074.9169673853075
3,1717.9106846919833
4,3924.2718056332455
5,2110.5951468213625
6,5023.6412050337885
7,4146.769082659969
8,4053.8375505891768
9,1639.2937190132013
10,5930.4663783462665
11,1245.5085899857718
12,17.358783497284055
13,6.9061976919045875
15,394.24101801567065
20,5177.494797390663
26,96.15331477505572
27,672.5491779370964
28,73.80582506579522
